,precision,recall,f1-score,support
good,1.0,1.0,1.0,18.0
broken,1.0,0.8888888888888888,0.9411764705882353,9.0
impurity,1.0,1.0,1.0,8.0
mold_risk,0.9,1.0,0.9473684210526316,9.0
accuracy,0.9772727272727273,0.9772727272727273,0.9772727272727273,0.9772727272727273
macro avg,0.975,0.9722222222222222,0.9721362229102167,44.0
weighted avg,0.9795454545454545,0.9772727272727273,0.9772016656089545,44.0
