model,phase,epoch,lr,train_loss,val_loss,val_accuracy,val_f1_macro,seconds
mobilenetv3_large_100,head,1,0.00025,2.272908535206736,0.37055525403411593,0.9302325581395349,0.9225195590327169,16.45
mobilenetv3_large_100,head,2,0.0,0.707727286544424,0.3399314606548387,0.9534883720930233,0.94375,16.48
mobilenetv3_large_100,finetune,1,1.4632923872213653e-05,0.5496644961981141,0.3005660173864726,0.9534883720930233,0.94375,39.69
mobilenetv3_large_100,finetune,2,1.3567627457812105e-05,0.6187659015931564,0.2482861971038801,0.9534883720930233,0.94375,39.25
mobilenetv3_large_100,finetune,3,1.1908389392193549e-05,0.4626117640238102,0.4253987915252395,0.9534883720930233,0.94375,39.77
mobilenetv3_large_100,finetune,4,9.817627457812105e-06,0.4354077352641847,0.34007492155393493,0.9534883720930233,0.94375,39.56
