{
  "classes": [
    "broken",
    "good",
    "impurity",
    "mold"
  ],
  "recommended_model": "resnet50",
  "ranking": [
    {
      "model": "resnet50",
      "best_val_accuracy": 0.8604651093482971,
      "test_accuracy": 0.7727272727272727,
      "precision_macro": 0.8347826086956521,
      "recall_macro": 0.736111111111111,
      "f1_macro": 0.740211810012837,
      "model_size_mb": 90.72,
      "inference_ms_per_batch": 734.93,
      "train_seconds": 22.04,
      "classification_report": {
        "broken": {
          "precision": 1.0,
          "recall": 0.3333333333333333,
          "f1-score": 0.5,
          "support": 9.0
        },
        "good": {
          "precision": 0.7391304347826086,
          "recall": 0.9444444444444444,
          "f1-score": 0.8292682926829268,
          "support": 18.0
        },
        "impurity": {
          "precision": 1.0,
          "recall": 1.0,
          "f1-score": 1.0,
          "support": 8.0
        },
        "mold": {
          "precision": 0.6,
          "recall": 0.6666666666666666,
          "f1-score": 0.631578947368421,
          "support": 9.0
        },
        "accuracy": 0.7727272727272727,
        "macro avg": {
          "precision": 0.8347826086956521,
          "recall": 0.736111111111111,
          "f1-score": 0.740211810012837,
          "support": 44.0
        },
        "weighted avg": {
          "precision": 0.8114624505928852,
          "recall": 0.7727272727272727,
          "f1-score": 0.7525236316956471,
          "support": 44.0
        }
      }
    },
    {
      "model": "mobilenet_v2",
      "best_val_accuracy": 0.604651153087616,
      "test_accuracy": 0.6363636363636364,
      "precision_macro": 0.6157407407407407,
      "recall_macro": 0.5694444444444444,
      "f1_macro": 0.5555555555555555,
      "model_size_mb": 9.25,
      "inference_ms_per_batch": 334.96,
      "train_seconds": 6.48,
      "classification_report": {
        "broken": {
          "precision": 0.6666666666666666,
          "recall": 0.2222222222222222,
          "f1-score": 0.3333333333333333,
          "support": 9.0
        },
        "good": {
          "precision": 0.6296296296296297,
          "recall": 0.9444444444444444,
          "f1-score": 0.7555555555555555,
          "support": 18.0
        },
        "impurity": {
          "precision": 1.0,
          "recall": 1.0,
          "f1-score": 1.0,
          "support": 8.0
        },
        "mold": {
          "precision": 0.16666666666666666,
          "recall": 0.1111111111111111,
          "f1-score": 0.13333333333333333,
          "support": 9.0
        },
        "accuracy": 0.6363636363636364,
        "macro avg": {
          "precision": 0.6157407407407407,
          "recall": 0.5694444444444444,
          "f1-score": 0.5555555555555555,
          "support": 44.0
        },
        "weighted avg": {
          "precision": 0.6098484848484849,
          "recall": 0.6363636363636364,
          "f1-score": 0.5863636363636364,
          "support": 44.0
        }
      }
    },
    {
      "model": "efficientnet_b0",
      "best_val_accuracy": 0.6511628031730652,
      "test_accuracy": 0.6136363636363636,
      "precision_macro": 0.4451612903225806,
      "recall_macro": 0.5277777777777778,
      "f1_macro": 0.4693877551020408,
      "model_size_mb": 16.33,
      "inference_ms_per_batch": 552.95,
      "train_seconds": 10.68,
      "classification_report": {
        "broken": {
          "precision": 0.0,
          "recall": 0.0,
          "f1-score": 0.0,
          "support": 9.0
        },
        "good": {
          "precision": 0.5806451612903226,
          "recall": 1.0,
          "f1-score": 0.7346938775510204,
          "support": 18.0
        },
        "impurity": {
          "precision": 1.0,
          "recall": 1.0,
          "f1-score": 1.0,
          "support": 8.0
        },
        "mold": {
          "precision": 0.2,
          "recall": 0.1111111111111111,
          "f1-score": 0.14285714285714285,
          "support": 9.0
        },
        "accuracy": 0.6136363636363636,
        "macro avg": {
          "precision": 0.4451612903225806,
          "recall": 0.5277777777777778,
          "f1-score": 0.4693877551020408,
          "support": 44.0
        },
        "weighted avg": {
          "precision": 0.4602639296187684,
          "recall": 0.6136363636363636,
          "f1-score": 0.5115955473098329,
          "support": 44.0
        }
      }
    },
    {
      "model": "custom_cnn",
      "best_val_accuracy": 0.41860464215278625,
      "test_accuracy": 0.4090909090909091,
      "precision_macro": 0.10227272727272728,
      "recall_macro": 0.25,
      "f1_macro": 0.14516129032258066,
      "model_size_mb": 1.13,
      "inference_ms_per_batch": 67.44,
      "train_seconds": 10.08,
      "classification_report": {
        "broken": {
          "precision": 0.0,
          "recall": 0.0,
          "f1-score": 0.0,
          "support": 9.0
        },
        "good": {
          "precision": 0.4090909090909091,
          "recall": 1.0,
          "f1-score": 0.5806451612903226,
          "support": 18.0
        },
        "impurity": {
          "precision": 0.0,
          "recall": 0.0,
          "f1-score": 0.0,
          "support": 8.0
        },
        "mold": {
          "precision": 0.0,
          "recall": 0.0,
          "f1-score": 0.0,
          "support": 9.0
        },
        "accuracy": 0.4090909090909091,
        "macro avg": {
          "precision": 0.10227272727272728,
          "recall": 0.25,
          "f1-score": 0.14516129032258066,
          "support": 44.0
        },
        "weighted avg": {
          "precision": 0.16735537190082647,
          "recall": 0.4090909090909091,
          "f1-score": 0.23753665689149564,
          "support": 44.0
        }
      }
    }
  ]
}