true_label,samples,accuracy,mean_confidence,median_confidence,mean_top2_margin
broken,9,0.8888888888888888,0.9548722041977776,0.9998056292533875,0.9230702055128354
good,18,1.0,0.9454825222492218,0.9939637780189514,0.8911913135072811
impurity,8,1.0,0.9504133239388466,0.999999463558197,0.9008266940219136
mold_risk,9,1.0,0.9998019602563646,0.9999486207962036,0.9996041292614485
