class,precision,recall,f1-score,support
good,1.0,1.0,1.0,18.0
broken,1.0,0.8888888888888888,0.9411764705882353,9.0
impurity,1.0,1.0,1.0,8.0
mold_risk,0.9,1.0,0.9473684210526316,9.0
